{"cameraMode":{"drawMode":0,"name":"Shaded","section":"Shading Mode"},"sceneLighting":false,"audioPlay":false,"sceneViewState":{"m_AlwaysRefresh":false,"showFog":true,"showSkybox":true,"showFlares":true,"showImageEffects":true,"showParticleSystems":true,"showVisualEffectGraphs":true,"m_FxEnabled":true},"in2DMode":false,"pivot":{"x":403.8435974121094,"y":139.04876708984376,"z":-582.8868408203125},"rotation":{"x":-0.05963347479701042,"y":-0.02695346251130104,"z":-0.0016108929412439466,"w":0.9978595972061157},"size":71.21025848388672,"orthographic":false}